user_fname,user_lname,user_sn,user_pw,user_mail,user_cp, user_lng, user_lat
harry,potter,2013-65859,harrypotterpw,harry@potter.com,918288446
ron,weasley,2016-29041,ronweasleypw,ron@weasley.com,91395801
bart,simpson,2014-39430,bartsimpsonpw,bart@simpson.com,9165407173
lisa,simpson,2015-80690,lisasimpsonpw,lisa@simpson.com,9189959961
rick,sanchez,2015-41380,ricksanchezpw,rick@sanchez.com,9176564359
morty,smith,2013-91343,mortysmithpw,morty@smith.com,9177103822
spongebob,squarepants,2017-98147,spongebobsquarepantspw,spongebob@squarepants.com,9161271396
patrick,star,2013-7279,patrickstarpw,patrick@star.com,9161005785
squidward,tentacles,2013-16390,squidwardtentaclespw,squidward@tentacles.com,9182050417
lebron,james,2014-0023,lebronjamespw,lebron@james.com,9186398772
blake ,griffin,2015-0332,blakegriffinpw,blake @griffin.com,9181600652
peter,south,2013-01291,petersouthpw,peter@south.com,9189849980
jake,long,2013-12042,jakelongpw,jake@long.com,9184416450
jeremy,lamb,2014-12192,jeremylambpw,jeremy@lamb.com,9180866657
karma,karmen,2016-12411,karmakarmenpw,karma@karmen.com,9189753129
peanut,mendoza,2015-21411,peanutmendozapw,peanut@mendoza.com,9188806890
butter,santos,2017-24129,buttersantospw,butter@santos.com,9185297656
jelly,jacinto,2017-68696,jellyjacintopw,jelly@jacinto.com,9180901794
master,jeremiah,2016-24181,masterjeremiahpw,master@jeremiah.com,9182101098
naruto,uzumaki,2014-99999,narutouzumakipw,naruto@uzumaki.com,9180915156
jim,kim,2016-24819,jimkimpw,jim@kim.com,9186141462
jeffrey,mendoza,2015-12491,jeffreymendozapw,jeffrey@mendoza.com,9189719202
anton,delgado,2014-21808,antondelgadopw,anton@delgado.com,9188291801
jv,patalo,2015-21478,jvpatalopw,jv@patalo.com,9186511250
jerome,matiban,2017-21488,jeromematibanpw,jerome@matiban.com,9183330472
paeng,masilungan,2016-12179,paengmasilunganpw,paeng@masilungan.com,9184053974
angelo,perez,2015-12418,angeloperezpw,angelo@perez.com,9189964340
max,bee,2016-12499,maxbeepw,max@bee.com,9185626916
asap,rocky,2015-21489,asaprockypw,asap@rocky.com,9182866963
timmy,turner,2015-12489,timmyturnerpw,timmy@turner.com,9180652907
